{"mean":{"confidence_interval":{"confidence_level":0.95,"lower_bound":12126478.425099993,"upper_bound":12150575.238750009},"point_estimate":12138899.988000007,"standard_error":6117.364554169035},"median":{"confidence_interval":{"confidence_level":0.95,"lower_bound":12130866.6,"upper_bound":12158125.0},"point_estimate":12139995.8,"standard_error":6846.391942271291},"median_abs_dev":{"confidence_interval":{"confidence_level":0.95,"lower_bound":46831.4709955752,"upper_bound":72091.434839619},"point_estimate":62262.97197460962,"standard_error":6430.990122238093},"slope":null,"std_dev":{"confidence_interval":{"confidence_level":0.95,"lower_bound":48815.30923468269,"upper_bound":75556.60148435694},"point_estimate":61375.19610147408,"standard_error":7028.952025767237}}