{"mean":{"confidence_interval":{"confidence_level":0.95,"lower_bound":12499239.422000002,"upper_bound":12537511.824000003},"point_estimate":12518965.574,"standard_error":9776.20133084047},"median":{"confidence_interval":{"confidence_level":0.95,"lower_bound":12513183.4,"upper_bound":12552375.0},"point_estimate":12534345.8,"standard_error":7496.781429182841},"median_abs_dev":{"confidence_interval":{"confidence_level":0.95,"lower_bound":60366.72660827747,"upper_bound":106339.63137209498},"point_estimate":84224.1323447233,"standard_error":11188.156504789426},"slope":null,"std_dev":{"confidence_interval":{"confidence_level":0.95,"lower_bound":77552.94030051364,"upper_bound":117932.96252211438},"point_estimate":98642.02903129399,"standard_error":10326.44459511561}}